Workbook
Name _Toc190024795: 'ESPAÑOL '!$N$8
Name _Toc190024795: MATEMATICA!$N$8

Sheet LISTA DE ESTUDIANTES
B1: Estudiante | C1: Sección | D1: Cédula | E1: Observaciones/ FUNCIONAMIENTO
A2: 1 | B2: Agüero Brénes Freyser | C2: 7-1 | E2: Revisar Expediente
A3: 2 | B3: Guillen Chávez Omar Rafael | C3: 7-1 | E3: Revisar Expediente
A4: 3 | B4: Guillen Guido Eneizer | C4: 7-1 | E4: Revisar Expediente
A5: 4 | B5: Morales Arosemena Keilor Joshua | C5: 7-1 | E5: Revisar Expediente Cambio de apellidos Arosemena Siles
A6: 5 | B6: González Martínez Josué | C6: 7-1 | E6: Revisar Expediente
A7: 6 | B7: Briones Sánchez Yeisliany | C7: 7-2 | E7: Revisar Expediente
A8: 7 | B8: Cerdas Guerrero Rihanna | C8: 7-2 | E8: Revisar Expediente
A9: 8 | B9: Cortes Espinoza Sara Ibeth | C9: 7-2 | E9: Revisar Expediente
A10: 9 | B10: Franco Caballero Bayron | C10: 7–2 | E10: Según nota de matrícula que señala adecuación. Falta Revisar expediente
A11: 10 | B11: Martínez Artola Julisa | C11: 7-2 | E11: Revisar Expediente
A12: 11 | B12: Palacios Montezuma Kenya | C12: 7-2 | E12: Revisar Expediente
A13: 12 | B13: Ávila Ramírez Alejandra Victoria | C13: 8-1 | E13: Revisar Expediente
... A64: 63 | B64: González Corrales Laura | C64: 11-5 | E64: Español y la Ciencias.
A65: 64
A66: 65
A67: 66
A68: 67
A69: 68
A70: 69
A71: 70
A72: 71
A73: 72
A74: 73
A75: 74
A76: 75
... A102: 101

Sheet ESPAÑOL 
N1: ÁREA DE TRABAJO PARA EL INFORME
B3: GUÍA DE LOS CÓDIGOS
U4: =IFERROR(INDEX('LISTA DE ESTUDIANTES'!$C$2:$C$102, MATCH($N$10,'LISTA DE ESTUDIANTES'!B2:B102, 0)), " ") -> 8-1
B5: Apoyos sugeridos que podría brindar el docente regular. | C5: VIDEO DE USO:
A6: A.P.1 | B6: Utilizar su cercanía física para mantenerlo atento a la clase. | S6: CTRL + P, PARA IMPRIMIR O TAMBIÉN LO PUEDE GUARDAR COMO PDF
A7: A.P.2 | B7: Utilizar la tutoría entre compañeros. | M7: ANEXO 2: REGISTRO DE APOYOS EDUCATIVOS
A8: A.P.3 | B8: Brindar acercamiento físico y las manifestaciones de apoyo. | N8: Curso lectivo 2025
A9: A.P.4 | B9: Reforzar cada logro por más pequeño que este sea. | C9: https://youtu.be/wF6TR_aaiRc | K9: Institución: Colegio Nocturno La Cuesta | P9: Circuito: 06
A10: A.P.5 | B10: Reforzar la autoestima mediante actividades que le permitan éxito, particularizando en características cognitivas y sociales. | K10: Nombre del estudiante: | N10: Caballero González Angie Guiselle | P10: =+ "Sección: " &$U$4 -> Sección: 8-1 | S10: ESCOJA UN ESTUDIANTE EN LA LISTA Y SE DEPLEGA TODA LA INFORMACIÓN RELACIONADA
A11: A.P.6 | B11: Utilizar constantemente la estrategia de trabajo cooperativo con la finalidad de que logre beneficiar y beneficiarse de las experiencias de otros compañeros y así reforzar su seguridad en la ejecución de los aprendizajes. | K11: Nivel de Funcionamiento: | N11: =IFERROR(INDEX('LISTA DE ESTUDIANTES'!$E$2:$E$102,MATCH($N$10,'LISTA DE ESTUDIANTES'!$B$2:$B$102, 0)), " ") -> Revisar Expediente | P11: =+TODAY() -> 46158
A12: A.P.7 | B12: Dar responsabilidades especificas al estudiante dentro del aula y hogar para reforzar su autoconfianza generando responsabilidad e independencia. | K12: Docente responsable: | N12: Gerardo Ramirez Rojas | O12: Asignatura: | P12: ESTUDIOS SOCIALES
A13: A.P.8 | B13: Utilizar dentro de la propuesta pedagógica actividades que refuercen la autoestima como: expresión de sentimientos, respeto a la diferencia y tolerancia. | M13: Primer Período ( X ) | O13: Segundo Período ( )
A14: A.P.9 | B14: Utilizar reforzadores sociales como: "muy bien", "usted puede" y "siga así". | K14: Descripción del funcionamiento del Estudiante: | S14: ELIJA UN CÓDIGO Y SE DESPLEGA LA INFORMACIÓN
A15: A.P.10 | B15: Utilizar canales sensoriales como: auditivos, kinestésico y táctil para presentar la materia. | K15: Código | M15: Apoyos personales | O15: Resultados
A16: A.P.11 | B16: Generar alguna técnica para recordar frecuentemente la entrega de trabajos a largo plazo. | K16: A.P.4 | M16: =IFERROR(INDEX($B$6:$B$18, MATCH(K16, $A$6:$A$18, 0)), " ") -> Reforzar cada logro por más pequeño que este sea.
A17: A.P.12 | B17: Referir a otros especialistas (orientador, docente de apoyo, psicología, terapia física, terapia de lenguaje, otros).
A18: A.P.13 | B18: Otros: | K18: A.P.3 | M18: =IFERROR(INDEX($B$6:$B$18, MATCH(K18, $A$6:$A$18, 0)), " ") -> Brindar acercamiento físico y las manifestaciones de apoyo.
B19: Apoyos Organizativos Sugeridos
A20: A.A.13 | B20: Ubicar al estudiante cerca de compañeros que no se desconcentren. | K20: A.P.2 | M20: =IFERROR(INDEX($B$6:$B$18, MATCH(K20, $A$6:$A$18, 0)), " ") -> Utilizar la tutoría entre compañeros.
A21: A.A.14 | B21: Ubicar al estudiante donde mejor pueda ver la pizarra.
A22: A.A.15 | B22: Sentar al estudiante en un lugar donde tenga buena iluminación | K22: Código | M22: Apoyos Organizativos (A.A) | O22: Resultados
A23: A.A.16 | B23: Considerar colocar los asientos en semicírculo.
A24: A.A.17 | B24: Rotular objetos y partes importantes de la clase. | K24: A.A.15 | M24: =IFERROR(INDEX($B$20:$B$30, MATCH(K24, $A$20:$A$30, 0)), " ") -> Sentar al estudiante en un lugar donde tenga buena iluminación
A25: A.A.18 | B25: Organizar y agrupar los y las estudiantes de acuerdo con sus intereses motivacionales
A26: A.A.19 | B26: Organizar el tiempo y del espacio para mejorar el clima organizacional. | K26: A.A.19 | M26: =IFERROR(INDEX($B$20:$B$30, MATCH(K26, $A$20:$A$30, 0)), " ") -> Organizar el tiempo y del espacio para mejorar el clima organizacional.
A27: A.A.20 | B27: Anotar la fecha de exámenes y entrega de trabajo en un lugar visible.
A28: A.A.21 | B28: Establecer rutinas de trabajo. | K28: A.A.13 | M28: =IFERROR(INDEX($B$20:$B$30, MATCH(K28, $A$20:$A$30, 0)), " ") -> Ubicar al estudiante cerca de compañeros que no se desconcentren.
A29: A.A.22 | B29: Anotar en la pizarra el número de página y/o ejercicios a realizar.
A30: A.A.23 | B30: Otras: | K30: Código | M30: Apoyos Materiales y Tecnológicos (A.A) | O30: Resultados
B32: Apoyos Materiales y Tecnológicos sugeridos | K32: A.A.29 | M32: =IFERROR(INDEX($B$33:$B$49, MATCH(K32, $A$33:$A$49, 0)), " ") -> Usar láminas, mapas, gráficos y vídeos relacionados con los aprendizajes que se desarrollan.
A33: A.A.23 | B33: Ampliar la letra al tamaño que el estudiante sienta mejor.
A34: A.A.24 | B34: Permitir el uso de lámparas y lupas para que pueda tener una mejor visión. | K34: A.A.36 | M34: =IFERROR(INDEX($B$33:$B$49, MATCH(K34, $A$33:$A$49, 0)), " ") -> Facilitar material de reforzamiento para hacer en casa.
A35: A.A.25 | B35: Utilización de rotafolios escribiendo con marcador grueso y letra amplia como material de apoyo de temas vistos en clase.
A36: A.A.26 | B36: Permitir el uso de dispositivos para que realice grabaciones en clases. | K36: A.A.23 | M36: =IFERROR(INDEX($B$33:$B$49, MATCH(K36, $A$33:$A$49, 0)), " ") -> Ampliar la letra al tamaño que el estudiante sienta mejor.
A37: A.A.27 | B37: Usar marcadores gruesos preferiblemente azul o negro para escribir en la pizarra.
A38: A.A.28 | B38: Permitir el uso del diccionario para ejecución de trabajo cotidiano y pruebas.
A39: A.A.29 | B39: Usar láminas, mapas, gráficos y vídeos relacionados con los aprendizajes que se desarrollan.
A40: A.A.30 | B40: Permitir el uso de las tablas de multiplicar para ejecución de trabajo cotidiano y pruebas.
A41: A.A.31 | B41: Permitir el uso de la calculadora para la ejecución de trabajo cotidiano y pruebas. | K41: Código | M41: Apoyos Curriculares (Metodología)(A.C.) | O41: Resultados
A42: A.A.32 | B42: Permitir el uso de fichas con las fórmulas matemáticas para ejecución de trabajo cotidiano y pruebas.
A43: A.A.33 | B43: Al utilizar la explicación verbal acompáñela de una explicación visual gráfica. | K43: A.C.44 | M43: =IFERROR(INDEX($B$53:$B$87, MATCH(K43, $A$53:$A$87, 0)), " ") -> Hablar siempre frente al estudiante (contacto visual).
A44: A.A.34 | B44: Facilitar el material impreso en caso de ser necesario.
A45: A.A.35 | B45: Brindar al estudiante fichas que contengan información de los aprendizajes vistos en clases. | K45: A.C.45 | M45: =IFERROR(INDEX($B$53:$B$87, MATCH(K45, $A$53:$A$87, 0)), " ") -> De ser necesario disminuir la longitud y la cantidad de las tareas y/o actividades.
A46: A.A.36 | B46: Facilitar material de reforzamiento para hacer en casa.
A47: A.A.37 | B47: Facilitar cuestionarios como material de apoyo. | K47: A.C.69 | M47: =IFERROR(INDEX($B$53:$B$87, MATCH(K47, $A$53:$A$87, 0)), " ") -> Establecer rutinas de trabajo.
A48: A.A.38 | B48: Utilizar un diccionario ilustrado de conceptos básicos como palabras claves y estructuras gramaticales.
A49: A.A.39: | B49: Otras: | K49: Código | M49: Apoyos Curriculares (Evaluación)(A.C) | O49: Resultados
K51: A.C.86 | M51: =IFERROR(INDEX($B$90:$B$104, MATCH(K51, $A$90:$A$104, 0)), " ") -> Usar la calculadora.
B52: Apoyos Curriculares (Metodología)
A53: A.C.39 | B53: Ajustar los aprendizajes esperados del programa según nivel de funcionamiento. | K53: A.C.81 | M53: =IFERROR(INDEX($B$90:$B$104, MATCH(K53, $A$90:$A$104, 0)), " ") -> Aplicar evaluaciones cortas y frecuentes.
A54: A.C.40 | B54: Utilizar canales sensoriales como: auditivos, kinestésico y táctil para transmitir los aprendizajes.
A55: A.C.41 | B55: Permitir más tiempo para terminar los trabajos cotidianos individualmente. | K55: A.C.86 | M55: =IFERROR(INDEX($B$90:$B$104, MATCH(K55, $A$90:$A$104, 0)), " ") -> Usar la calculadora.
A56: A.C.42 | B56: Permitir al estudiante que se comunique como mejor pueda.
A57: A.C.43 | B57: Apoyar en señas y gestos al comunicarse.
A58: A.C.44 | B58: Hablar siempre frente al estudiante (contacto visual). | K58: Marque con X los Apoyos Personales Específicos que recibe esta persona estudiante:
A59: A.C.45 | B59: De ser necesario disminuir la longitud y la cantidad de las tareas y/o actividades. | K59: ( ) Terapia de Lenguaje | N59: ( ) Terapia Física | O59: ( ) Problemas Emocionales | P59: ( ) Discap. Visual
A60: A.C.46 | B60: Utilizar hojas y material de trabajo poco recargados. | K60: ( ) Problemas de Aprendizaje
A61: A.C.47 | B61: Involucrar al estudiante durante la lección, es decir participación frecuente utilizando la realimentación. | K61: Recomendaciones:
A62: A.C.48 | B62: Dividir la actividad o tarea en partes y déselas una por una.
A63: A.C.49 | B63: Permitir un rato de descanso entre una actividad y otra.
A64: A.C.50 | B64: Combinar la teoría con la práctica.
A65: A.C.51 | B65: Solicitar al estudiante que repita las indicaciones para asegurarnos de que las haya entendido.
A66: A.C.52 | B66: Apoyar las indicaciones orales con indicaciones escritas. | K66: ____________________________________________ | O66: ____________________________________________
A67: A.C.53 | B67: Dar las indicaciones de manera clara y correcta. | K67: Firma del Profesor (a) | O67: VB. Comité de Apoyo
A68: A.C.54 | B68: Hacer preguntas de repaso y control de la materia.
A69: A.C.55 | B69: Describir reiteradamente las acciones solicitadas. | K69: Cc/ Expediente Único
A70: A.C.56 | B70: Utilizar dentro de la propuesta pedagógica actividades que refuercen la autoestima como: expresión de sentimientos, respeto a la diferencia y la tolerancia.
A71: A.C.57 | B71: Dar responsabilidades específicas al estudiante dentro del aula para reforzar su autoconfianza generando responsabilidad e independencia.
A72: A.C.58 | B72: Ajustar y/o modificar las prácticas hechas en clase al ritmo de aprendizaje del estudiante.
A73: A.C.59 | B73: Tocar su hombro cuando se distrae o establezca un código para llamar su atención. | K73: Puntarenas, Coto Brus, 600 metros sureste de la Tostadora de Café Río Brus, camino a Río Sereno.
A74: A.C.60 | B74: Permitir al estudiante use el dedo como guía al leer. | M74: Teléfono (506) 2784-0616 / ctp.desabalito@mep.go.cr
A75: A.C.61 | B75: Reforzar constantemente los logros obtenidos.
A76: A.C.62 | B76: Reducir la cantidad de palabras en una redacción.
A77: A.C.63 | B77: Devolver los trabajos que realiza muy rápido para que los revise.
A78: A.C.64 | B78: Dividir el trabajo de clase de tal manera que, si queda algo pendiente, pueda terminarlo en la casa.
A79: A.C.65 | B79: Relacionar la escritura del estudiante con su fonética y no evaluar o restar puntos por el error.
A80: A.C.66 | B80: Desarrollar metodología sobre un solo tema a la vez.
A81: A.C.67 | B81: Facilitar prácticas de reforzamiento para hacer en casa.
A82: A.C.68 | B82: Utilizar la técnica de la dramatización.
A83: A.C.69 | B83: Establecer rutinas de trabajo.
A84: A.C.70 | B84: Enseñar al estudiante a auto comprobarse utilizando señales.
A85: A.C.71 | B85: Disminuir la cantidad de ejercicios repetitivos.
A86: A.C.72 | B86: Trabajar con fichas.
A87: A.C.73 | B87: Otras:
B89: Apoyos Curriculares sugeridos (Evaluación)
A90: A.C.73 | B90: Dar tiempo adicional para la realización de los trabajos en clase y las pruebas.
A91: A.C.74 | B91: Utilizar solamente ítems de selección simple.
A92: A.C.75 | B92: Resolver la prueba en recinto aparte.
A93: A.C.76 | B93: Aplicar prueba específica.
A94: A.C.77 | B94: Omitir la calificación de la caligrafía.
A95: A.C.78 | B95: Ajustar el tamaño de la letra.
A96: A.C.79 | B96: Aplicar una prueba por día.
A97: A.C.80 | B97: Eliminar ítems memorísticos.
A98: A.C.81 | B98: Aplicar evaluaciones cortas y frecuentes.
A99: A.C.82 | B99: Tutor especialista.
A100: A.C.83 | B100: Permitir emitir algunas respuestas de manera oral y la transcripción por parte de la persona docente, ante el rezago en el proceso de lectoescritura.
A101: A.C.84 | B101: Permitir el uso del diccionario.
... A104: A.C.87 | B104: Otras:

Sheet MATEMATICA
N1: ÁREA DE TRABAJO PARA EL INFORME
B3: GUÍA DE LOS CÓDIGOS
U4: =IFERROR(INDEX('LISTA DE ESTUDIANTES'!$C$2:$C$102, MATCH($N$10,'LISTA DE ESTUDIANTES'!B2:B102, 0)), " ") -> 8-1
B5: Apoyos sugeridos que podría brindar el docente regular. | C5: VIDEO DE USO:
A6: A.P.1 | B6: Utilizar su cercanía física para mantenerlo atento a la clase. | S6: CTRL + P, PARA IMPRIMIR O TAMBIÉN LO PUEDE GUARDAR COMO PDF
A7: A.P.2 | B7: Utilizar la tutoría entre compañeros. | M7: ANEXO 2: REGISTRO DE APOYOS EDUCATIVOS
A8: A.P.3 | B8: Brindar acercamiento físico y las manifestaciones de apoyo. | N8: Curso lectivo 2025
A9: A.P.4 | B9: Reforzar cada logro por más pequeño que este sea. | C9: https://youtu.be/wF6TR_aaiRc | K9: Institución: Colegio Nocturno La Cuesta | P9: Circuito: 06
A10: A.P.5 | B10: Reforzar la autoestima mediante actividades que le permitan éxito, particularizando en características cognitivas y sociales. | K10: Nombre del estudiante: | N10: =+'ESPAÑOL '!N10 -> Caballero González Angie Guiselle | P10: =+ "Sección: " &$U$4 -> Sección: 8-1 | S10: ESCOJA UN ESTUDIANTE EN LA LISTA Y SE DEPLEGA TODA LA INFORMACIÓN RELACIONADA
A11: A.P.6 | B11: Utilizar constantemente la estrategia de trabajo cooperativo con la finalidad de que logre beneficiar y beneficiarse de las experiencias de otros compañeros y así reforzar su seguridad en la ejecución de los aprendizajes. | K11: Nivel de Funcionamiento: | N11: =IFERROR(INDEX('LISTA DE ESTUDIANTES'!$E$2:$E$102,MATCH($N$10,'LISTA DE ESTUDIANTES'!$B$2:$B$102, 0)), " ") -> Revisar Expediente | P11: =+TODAY() -> 46158
A12: A.P.7 | B12: Dar responsabilidades especificas al estudiante dentro del aula y hogar para reforzar su autoconfianza generando responsabilidad e independencia. | K12: Docente responsable: | N12: Gerardo Ramirez Rojas | O12: Asignatura: | P12: ESTUDIOS SOCIALES
A13: A.P.8 | B13: Utilizar dentro de la propuesta pedagógica actividades que refuercen la autoestima como: expresión de sentimientos, respeto a la diferencia y tolerancia. | M13: Primer Período ( X ) | O13: Segundo Período ( )
A14: A.P.9 | B14: Utilizar reforzadores sociales como: "muy bien", "usted puede" y "siga así". | K14: Descripción del funcionamiento del Estudiante: | S14: ELIJA UN CÓDIGO Y SE DESPLEGA LA INFORMACIÓN
A15: A.P.10 | B15: Utilizar canales sensoriales como: auditivos, kinestésico y táctil para presentar la materia. | K15: Código | M15: Apoyos personales | O15: Resultados
A16: A.P.11 | B16: Generar alguna técnica para recordar frecuentemente la entrega de trabajos a largo plazo. | K16: A.P.4 | M16: =IFERROR(INDEX($B$6:$B$18, MATCH(K16, $A$6:$A$18, 0)), " ") -> Reforzar cada logro por más pequeño que este sea.
A17: A.P.12 | B17: Referir a otros especialistas (orientador, docente de apoyo, psicología, terapia física, terapia de lenguaje, otros).
A18: A.P.13 | B18: Otros: | K18: A.P.3 | M18: =IFERROR(INDEX($B$6:$B$18, MATCH(K18, $A$6:$A$18, 0)), " ") -> Brindar acercamiento físico y las manifestaciones de apoyo.
B19: Apoyos Organizativos Sugeridos
A20: A.A.13 | B20: Ubicar al estudiante cerca de compañeros que no se desconcentren. | K20: A.P.2 | M20: =IFERROR(INDEX($B$6:$B$18, MATCH(K20, $A$6:$A$18, 0)), " ") -> Utilizar la tutoría entre compañeros.
A21: A.A.14 | B21: Ubicar al estudiante donde mejor pueda ver la pizarra.
A22: A.A.15 | B22: Sentar al estudiante en un lugar donde tenga buena iluminación | K22: Código | M22: Apoyos Organizativos (A.A) | O22: Resultados
A23: A.A.16 | B23: Considerar colocar los asientos en semicírculo.
A24: A.A.17 | B24: Rotular objetos y partes importantes de la clase. | K24: A.A.15 | M24: =IFERROR(INDEX($B$20:$B$30, MATCH(K24, $A$20:$A$30, 0)), " ") -> Sentar al estudiante en un lugar donde tenga buena iluminación
A25: A.A.18 | B25: Organizar y agrupar los y las estudiantes de acuerdo con sus intereses motivacionales
A26: A.A.19 | B26: Organizar el tiempo y del espacio para mejorar el clima organizacional. | K26: A.A.19 | M26: =IFERROR(INDEX($B$20:$B$30, MATCH(K26, $A$20:$A$30, 0)), " ") -> Organizar el tiempo y del espacio para mejorar el clima organizacional.
A27: A.A.20 | B27: Anotar la fecha de exámenes y entrega de trabajo en un lugar visible.
A28: A.A.21 | B28: Establecer rutinas de trabajo. | K28: A.A.13 | M28: =IFERROR(INDEX($B$20:$B$30, MATCH(K28, $A$20:$A$30, 0)), " ") -> Ubicar al estudiante cerca de compañeros que no se desconcentren.
A29: A.A.22 | B29: Anotar en la pizarra el número de página y/o ejercicios a realizar.
A30: A.A.23 | B30: Otras: | K30: Código | M30: Apoyos Materiales y Tecnológicos (A.A) | O30: Resultados
B32: Apoyos Materiales y Tecnológicos sugeridos | K32: A.A.29 | M32: =IFERROR(INDEX($B$33:$B$49, MATCH(K32, $A$33:$A$49, 0)), " ") -> Usar láminas, mapas, gráficos y vídeos relacionados con los aprendizajes que se desarrollan.
A33: A.A.23 | B33: Ampliar la letra al tamaño que el estudiante sienta mejor.
A34: A.A.24 | B34: Permitir el uso de lámparas y lupas para que pueda tener una mejor visión. | K34: A.A.36 | M34: =IFERROR(INDEX($B$33:$B$49, MATCH(K34, $A$33:$A$49, 0)), " ") -> Facilitar material de reforzamiento para hacer en casa.
A35: A.A.25 | B35: Utilización de rotafolios escribiendo con marcador grueso y letra amplia como material de apoyo de temas vistos en clase.
A36: A.A.26 | B36: Permitir el uso de dispositivos para que realice grabaciones en clases. | K36: A.A.23 | M36: =IFERROR(INDEX($B$33:$B$49, MATCH(K36, $A$33:$A$49, 0)), " ") -> Ampliar la letra al tamaño que el estudiante sienta mejor.
A37: A.A.27 | B37: Usar marcadores gruesos preferiblemente azul o negro para escribir en la pizarra.
A38: A.A.28 | B38: Permitir el uso del diccionario para ejecución de trabajo cotidiano y pruebas.
A39: A.A.29 | B39: Usar láminas, mapas, gráficos y vídeos relacionados con los aprendizajes que se desarrollan.
A40: A.A.30 | B40: Permitir el uso de las tablas de multiplicar para ejecución de trabajo cotidiano y pruebas.
A41: A.A.31 | B41: Permitir el uso de la calculadora para la ejecución de trabajo cotidiano y pruebas. | K41: Código | M41: Apoyos Curriculares (Metodología)(A.C.) | O41: Resultados
A42: A.A.32 | B42: Permitir el uso de fichas con las fórmulas matemáticas para ejecución de trabajo cotidiano y pruebas.
A43: A.A.33 | B43: Al utilizar la explicación verbal acompáñela de una explicación visual gráfica. | K43: A.C.44 | M43: =IFERROR(INDEX($B$53:$B$87, MATCH(K43, $A$53:$A$87, 0)), " ") -> Hablar siempre frente al estudiante (contacto visual).
A44: A.A.34 | B44: Facilitar el material impreso en caso de ser necesario.
A45: A.A.35 | B45: Brindar al estudiante fichas que contengan información de los aprendizajes vistos en clases. | K45: A.C.45 | M45: =IFERROR(INDEX($B$53:$B$87, MATCH(K45, $A$53:$A$87, 0)), " ") -> De ser necesario disminuir la longitud y la cantidad de las tareas y/o actividades.
A46: A.A.36 | B46: Facilitar material de reforzamiento para hacer en casa.
A47: A.A.37 | B47: Facilitar cuestionarios como material de apoyo. | K47: A.C.69 | M47: =IFERROR(INDEX($B$53:$B$87, MATCH(K47, $A$53:$A$87, 0)), " ") -> Establecer rutinas de trabajo.
A48: A.A.38 | B48: Utilizar un diccionario ilustrado de conceptos básicos como palabras claves y estructuras gramaticales.
A49: A.A.39: | B49: Otras: | K49: Código | M49: Apoyos Curriculares (Evaluación)(A.C) | O49: Resultados
K51: A.C.86 | M51: =IFERROR(INDEX($B$90:$B$104, MATCH(K51, $A$90:$A$104, 0)), " ") -> Usar la calculadora.
B52: Apoyos Curriculares (Metodología)
A53: A.C.39 | B53: Ajustar los aprendizajes esperados del programa según nivel de funcionamiento. | K53: A.C.81 | M53: =IFERROR(INDEX($B$90:$B$104, MATCH(K53, $A$90:$A$104, 0)), " ") -> Aplicar evaluaciones cortas y frecuentes.
A54: A.C.40 | B54: Utilizar canales sensoriales como: auditivos, kinestésico y táctil para transmitir los aprendizajes.
A55: A.C.41 | B55: Permitir más tiempo para terminar los trabajos cotidianos individualmente. | K55: A.C.86 | M55: =IFERROR(INDEX($B$90:$B$104, MATCH(K55, $A$90:$A$104, 0)), " ") -> Usar la calculadora.
A56: A.C.42 | B56: Permitir al estudiante que se comunique como mejor pueda.
A57: A.C.43 | B57: Apoyar en señas y gestos al comunicarse.
A58: A.C.44 | B58: Hablar siempre frente al estudiante (contacto visual). | K58: Marque con X los Apoyos Personales Específicos que recibe esta persona estudiante:
A59: A.C.45 | B59: De ser necesario disminuir la longitud y la cantidad de las tareas y/o actividades. | K59: ( ) Terapia de Lenguaje | N59: ( ) Terapia Física | O59: ( ) Problemas Emocionales | P59: ( ) Discap. Visual
A60: A.C.46 | B60: Utilizar hojas y material de trabajo poco recargados. | K60: ( ) Problemas de Aprendizaje
A61: A.C.47 | B61: Involucrar al estudiante durante la lección, es decir participación frecuente utilizando la realimentación. | K61: Recomendaciones:
A62: A.C.48 | B62: Dividir la actividad o tarea en partes y déselas una por una.
A63: A.C.49 | B63: Permitir un rato de descanso entre una actividad y otra.
A64: A.C.50 | B64: Combinar la teoría con la práctica.
A65: A.C.51 | B65: Solicitar al estudiante que repita las indicaciones para asegurarnos de que las haya entendido.
A66: A.C.52 | B66: Apoyar las indicaciones orales con indicaciones escritas. | K66: ____________________________________________ | O66: ____________________________________________
A67: A.C.53 | B67: Dar las indicaciones de manera clara y correcta. | K67: Firma del Profesor (a) | O67: VB. Comité de Apoyo
A68: A.C.54 | B68: Hacer preguntas de repaso y control de la materia.
A69: A.C.55 | B69: Describir reiteradamente las acciones solicitadas. | K69: Cc/ Expediente Único
A70: A.C.56 | B70: Utilizar dentro de la propuesta pedagógica actividades que refuercen la autoestima como: expresión de sentimientos, respeto a la diferencia y la tolerancia.
A71: A.C.57 | B71: Dar responsabilidades específicas al estudiante dentro del aula para reforzar su autoconfianza generando responsabilidad e independencia.
A72: A.C.58 | B72: Ajustar y/o modificar las prácticas hechas en clase al ritmo de aprendizaje del estudiante.
A73: A.C.59 | B73: Tocar su hombro cuando se distrae o establezca un código para llamar su atención. | K73: Puntarenas, Coto Brus, 600 metros sureste de la Tostadora de Café Río Brus, camino a Río Sereno.
A74: A.C.60 | B74: Permitir al estudiante use el dedo como guía al leer. | M74: Teléfono (506) 2784-0616 / ctp.desabalito@mep.go.cr
A75: A.C.61 | B75: Reforzar constantemente los logros obtenidos.
A76: A.C.62 | B76: Reducir la cantidad de palabras en una redacción.
A77: A.C.63 | B77: Devolver los trabajos que realiza muy rápido para que los revise.
A78: A.C.64 | B78: Dividir el trabajo de clase de tal manera que, si queda algo pendiente, pueda terminarlo en la casa.
A79: A.C.65 | B79: Relacionar la escritura del estudiante con su fonética y no evaluar o restar puntos por el error.
A80: A.C.66 | B80: Desarrollar metodología sobre un solo tema a la vez.
A81: A.C.67 | B81: Facilitar prácticas de reforzamiento para hacer en casa.
A82: A.C.68 | B82: Utilizar la técnica de la dramatización.
A83: A.C.69 | B83: Establecer rutinas de trabajo.
A84: A.C.70 | B84: Enseñar al estudiante a auto comprobarse utilizando señales.
A85: A.C.71 | B85: Disminuir la cantidad de ejercicios repetitivos.
A86: A.C.72 | B86: Trabajar con fichas.
A87: A.C.73 | B87: Otras:
B89: Apoyos Curriculares sugeridos (Evaluación)
A90: A.C.73 | B90: Dar tiempo adicional para la realización de los trabajos en clase y las pruebas.
A91: A.C.74 | B91: Utilizar solamente ítems de selección simple.
A92: A.C.75 | B92: Resolver la prueba en recinto aparte.
A93: A.C.76 | B93: Aplicar prueba específica.
A94: A.C.77 | B94: Omitir la calificación de la caligrafía.
A95: A.C.78 | B95: Ajustar el tamaño de la letra.
A96: A.C.79 | B96: Aplicar una prueba por día.
A97: A.C.80 | B97: Eliminar ítems memorísticos.
A98: A.C.81 | B98: Aplicar evaluaciones cortas y frecuentes.
A99: A.C.82 | B99: Tutor especialista.
A100: A.C.83 | B100: Permitir emitir algunas respuestas de manera oral y la transcripción por parte de la persona docente, ante el rezago en el proceso de lectoescritura.
A101: A.C.84 | B101: Permitir el uso del diccionario.
... A104: A.C.87 | B104: Otras:
